{
"apiVersion": "V2",
"assemblies": [
{
  "files": [
    {
      "filePath": "data_summary.tsv",
      "fileType": "DATA_TABLE",
      "uncompressedLengthBytes": "589"
    },
    {
      "filePath": "assembly_data_report.jsonl",
      "fileType": "DATA_REPORT",
      "uncompressedLengthBytes": "7061"
    }
  ]
},{
  "accession": "GCA_002853715.1",
  "files": [
    {
      "filePath": "GCA_002853715.1/GCA_002853715.1_ASM285371v1_genomic.fna",
      "fileType": "GENOMIC_NUCLEOTIDE_FASTA",
      "uncompressedLengthBytes": "5210441"
    }
  ]
},{
  "accession": "GCF_002853715.1",
  "files": [
    {
      "filePath": "GCF_002853715.1/GCF_002853715.1_ASM285371v1_genomic.fna",
      "fileType": "GENOMIC_NUCLEOTIDE_FASTA",
      "uncompressedLengthBytes": "5210450"
    }
  ]
}]}
