{
"apiVersion": "V2",
"assemblies": [
{
  "files": [
    {
      "filePath": "data_summary.tsv",
      "fileType": "DATA_TABLE",
      "uncompressedLengthBytes": "629"
    },
    {
      "filePath": "assembly_data_report.jsonl",
      "fileType": "DATA_REPORT",
      "uncompressedLengthBytes": "11864"
    }
  ]
},{
  "accession": "GCA_000008865.2",
  "files": [
    {
      "filePath": "GCA_000008865.2/GCA_000008865.2_ASM886v2_genomic.fna",
      "fileType": "GENOMIC_NUCLEOTIDE_FASTA",
      "uncompressedLengthBytes": "5664780"
    }
  ]
},{
  "accession": "GCF_000008865.2",
  "files": [
    {
      "filePath": "GCF_000008865.2/GCF_000008865.2_ASM886v2_genomic.fna",
      "fileType": "GENOMIC_NUCLEOTIDE_FASTA",
      "uncompressedLengthBytes": "5664775"
    }
  ]
}]}
