{
"apiVersion": "V2",
"assemblies": [
{
  "files": [
    {
      "filePath": "data_summary.tsv",
      "fileType": "DATA_TABLE",
      "uncompressedLengthBytes": "686"
    },
    {
      "filePath": "assembly_data_report.jsonl",
      "fileType": "DATA_REPORT",
      "uncompressedLengthBytes": "6909"
    }
  ]
},{
  "accession": "GCA_000010385.1",
  "files": [
    {
      "filePath": "GCA_000010385.1/GCA_000010385.1_ASM1038v1_genomic.fna",
      "fileType": "GENOMIC_NUCLEOTIDE_FASTA",
      "uncompressedLengthBytes": "5220568"
    }
  ]
},{
  "accession": "GCF_000010385.1",
  "files": [
    {
      "filePath": "GCF_000010385.1/GCF_000010385.1_ASM1038v1_genomic.fna",
      "fileType": "GENOMIC_NUCLEOTIDE_FASTA",
      "uncompressedLengthBytes": "5220549"
    }
  ]
}]}
